Country_Code,Country_Name,Year,HDI_Value,Life_Expectancy,Education_Years,FDI_Net_Inflows,GDP_Per_Capita,FDI_to_HDI_Ratio,HDI_Level
BRN,Brunei Darussalam,1990,0.781,71.629,7.51,7000000.0,23658.7166330381,8962868.117797695,High
BRN,Brunei Darussalam,1991,0.782,71.858,7.62,5000000.0,23932.1897530199,6393861.89258312,High
BRN,Brunei Darussalam,1992,0.782,72.09,7.73,7000000.0,23450.8964414887,8951406.649616368,High
BRN,Brunei Darussalam,1993,0.783,72.333,7.84,8000000.0,22397.073791312,10217113.665389528,High
BRN,Brunei Darussalam,1994,0.782,72.571,7.95,5890000.0,22766.5871897245,7531969.309462915,High
BRN,Brunei Darussalam,1995,0.784,72.838,8.06,582760560.0,26443.2564321071,743317040.8163265,High
BRN,Brunei Darussalam,1996,0.784,73.079,8.106,653600000.0,25692.235637475,833673469.387755,High
BRN,Brunei Darussalam,1997,0.785,73.326,8.152,701740000.0,25522.3975481543,893936305.732484,High
BRN,Brunei Darussalam,1998,0.785,73.584,8.198,573250000.0,17769.2463626025,730254777.0700637,High
BRN,Brunei Darussalam,1999,0.79,73.806,8.244,747868670.0,19752.2013169229,946669202.5316457,High
BRN,Brunei Darussalam,2000,0.792,74.017,8.29,549607250.0,20130.2571493081,693948547.979798,High
BRN,Brunei Darussalam,2001,0.794,74.209,8.328,60694643.6567848,18287.8271687345,76441616.69620252,High
BRN,Brunei Darussalam,2002,0.798,74.365,8.366,229671955.675395,18621.2922677806,287809468.264906,High
BRN,Brunei Darussalam,2003,0.804,74.509,8.404,123820911.146426,20677.9001224663,154006108.3910771,Very High
BRN,Brunei Darussalam,2004,0.81,74.603,8.442,113205866.961457,24423.0947731021,139760329.58204567,Very High
BRN,Brunei Darussalam,2005,0.814,74.683,8.48,175068516.562807,29386.2703597208,215071887.6692961,Very High
BRN,Brunei Darussalam,2006,0.819,74.753,8.538,87839128.3133848,34674.7995990594,107251682.92232578,Very High
BRN,Brunei Darussalam,2007,0.822,74.793,8.596,257635717.488309,36217.3291010089,313425447.06606936,Very High
BRN,Brunei Darussalam,2008,0.824,74.814,8.654,222184549.489168,42156.5685216979,269641443.55481553,Very High
BRN,Brunei Darussalam,2009,0.828,74.814,8.712,325586827.786628,30946.4674272953,393220806.5055894,Very High
BRN,Brunei Darussalam,2010,0.83,74.82,8.77,480722550.0,34937.5555174068,579183795.180723,Very High
BRN,Brunei Darussalam,2011,0.834,74.835,8.82,691170270.0,46382.8274456238,828741330.9352518,Very High
BRN,Brunei Darussalam,2012,0.841,74.843,8.87,864905530.0,46968.5971144517,1028425124.8513676,Very High
BRN,Brunei Darussalam,2013,0.842,74.854,8.92,775642000.0,44003.0644293856,921190023.7529691,Very High
BRN,Brunei Darussalam,2014,0.841,74.862,8.97,573906207.836338,41026.508391054,682409283.9908895,Very High
BRN,Brunei Darussalam,2015,0.839,74.88,9.02,171289167.823994,30625.128732694,204158722.07865795,Very High
BRN,Brunei Darussalam,2016,0.838,74.905,9.06,-150550827.310312,26663.2973199878,-179654925.1913031,Very High
BRN,Brunei Darussalam,2017,0.837,74.943,9.1,467927550.316566,28024.3824618568,559053226.1846666,Very High
BRN,Brunei Darussalam,2018,0.837,74.992,9.14,516202620.629746,30988.1190497851,616729534.802564,Very High
BRN,Brunei Darussalam,2019,0.835,75.049,9.18,373256767.246304,30426.5730284202,447014092.5105437,Very High
BRN,Brunei Darussalam,2020,0.836,75.114,9.22,565542275.429332,26834.3592463839,676485975.3939378,Very High
BRN,Brunei Darussalam,2021,0.835,74.869,9.282,206462739.392454,31006.9636220576,247260765.73946583,Very High
BRN,Brunei Darussalam,2022,0.825,72.917,9.282,-290169984.940837,36632.9280421411,-351721193.86768126,Very High
BRN,Brunei Darussalam,2023,0.837,75.327,9.282,-55927970.3793758,32890.5492465722,-66819558.39829845,Very High
IDN,Indonesia,1990,0.531,63.249,3.220000029,1093000000.0,578.420121135382,2058380414.3126173,Low
IDN,Indonesia,1991,0.538,63.703,3.493125036,1482000000.0,624.387495384411,2754646840.148699,Low
IDN,Indonesia,1992,0.545,64.182,3.766250044,1777000000.0,673.67103954742,3260550458.715596,Low
IDN,Indonesia,1993,0.555,64.851,4.039375052,2004000000.0,817.395116417856,3610810810.8108106,Medium
IDN,Indonesia,1994,0.565,65.041,4.31250006,2109000000.0,899.793982949817,3732743362.8318586,Medium
IDN,Indonesia,1995,0.575,65.263,4.585625067,4346000000.0,1011.22614205568,7558260869.565218,Medium
IDN,Indonesia,1996,0.585,65.465,4.858750075,6194000000.0,1118.92133024129,10588034188.03419,Medium
IDN,Indonesia,1997,0.595,65.774,5.131875083,4677000000.0,1044.60674832472,7860504201.680673,Medium
IDN,Indonesia,1998,0.591,65.942,5.405000091,-240800000.0,454.877800792123,-407445008.4602369,Medium
IDN,Indonesia,1999,0.595,66.001,5.678125098,-1865620963.49086,657.268934667018,-3135497417.6316977,Medium
IDN,Indonesia,2000,0.6,66.292,5.951250106,-4550355285.71428,763.711124950924,-7583925476.190467,Medium
IDN,Indonesia,2001,0.608,66.583,6.224375114,-2977391857.14286,732.307093405708,-4897026080.827072,Medium
IDN,Indonesia,2002,0.617,66.954,6.497500122,145085548.722222,881.002913569131,235146756.4379611,Medium
IDN,Indonesia,2003,0.625,67.134,6.770625129,-596923827.786241,1043.2105838671,-955078124.4579856,Medium
IDN,Indonesia,2004,0.624,65.521,7.043750137,1896082770.0,1126.84004447173,3038594182.6923075,Medium
IDN,Indonesia,2005,0.638,67.531,7.316875145,8336257207.64285,1238.21447629488,13066233867.77876,Medium
IDN,Indonesia,2006,0.646,67.664,7.590000153,4914201435.40071,1558.31562847163,7607122965.016579,Medium
IDN,Indonesia,2007,0.649,67.914,7.019999981,6928480000.0,1823.21976255073,10675624036.979967,Medium
IDN,Indonesia,2008,0.653,68.085,7.070000172,9318453649.82664,2124.55483920618,14270219984.42058,Medium
IDN,Indonesia,2009,0.663,68.267,7.309999943,4877369178.4365,2218.48541852977,7356514597.943438,Medium
IDN,Indonesia,2010,0.67,68.364,7.410000086,15292009410.5099,3065.68348377765,22823894642.55209,Medium
IDN,Indonesia,2011,0.678,68.629,7.510000229,20564938226.7185,3579.46442466152,30331767296.04498,Medium
IDN,Indonesia,2012,0.686,68.862,7.606666883,21200778607.8726,3632.27254030331,30904925084.36239,Medium
IDN,Indonesia,2013,0.69,69.064,7.703333537,23281742361.5305,3566.60284506078,33741655596.421017,Medium
IDN,Indonesia,2014,0.693,69.292,7.800000191,25120732059.5134,3441.06808464008,36249252611.130455,Medium
IDN,Indonesia,2015,0.701,69.52,7.909999847,19779127976.9576,3288.22269725538,28215589125.474464,High
IDN,Indonesia,2016,0.705,69.733,7.980000019,4541713739.23769,3521.46943457574,6442147147.854879,High
IDN,Indonesia,2017,0.712,69.953,8.239589691,20510310832.4469,3798.88326174526,28806616337.70632,High
IDN,Indonesia,2018,0.715,70.08,8.159999847,18909826043.5105,3860.95353090726,26447309151.76294,High
IDN,Indonesia,2019,0.714,70.349,8.360000134,24993551748.0098,4106.94856160358,35004974436.98852,High
IDN,Indonesia,2020,0.71,68.817,8.56000042,19175077747.8077,3853.70288774146,27007151757.47564,High
IDN,Indonesia,2021,0.707,67.452,8.6972232,21213080329.8582,4287.17313995098,30004356902.20396,High
IDN,Indonesia,2022,0.726,70.925,8.6972232,24702029705.0926,4730.83484836107,34024834304.535267,High
IDN,Indonesia,2023,0.728,71.146,8.6972232,21543358781.3828,4876.30774512252,29592525798.60275,High
KHM,Cambodia,1992,0.396,55.747,2.926551222,33000000.0,307.094922385136,83333333.33333333,Low
KHM,Cambodia,1993,0.399,56.036,2.981018174,54124000.0,294.059372727558,135649122.8070175,Low
KHM,Cambodia,1994,0.4,56.221,3.035485126,68900000.0,302.1307854832,172250000.0,Low
KHM,Cambodia,1995,0.404,56.562,3.089952078,150800000.0,343.485224671585,373267326.7326732,Low
KHM,Cambodia,1996,0.408,56.832,3.146513913,293600000.0,324.655870983004,719607843.137255,Low
KHM,Cambodia,1997,0.414,57.266,3.203075747,203700000.0,297.59041960803,492028985.5072464,Low
KHM,Cambodia,1998,0.419,57.859,3.259637582,115871733.049308,258.780953189377,276543515.6308067,Low
KHM,Cambodia,1999,0.429,58.611,3.316199417,102225822.011715,286.753596443196,238288629.39793703,Low
KHM,Cambodia,2000,0.438,59.491,3.372761251,118308566.31088,296.426687526334,270110881.9883105,Low
KHM,Cambodia,2001,0.453,60.457,3.435607734,146481995.063844,327.500984314444,323359812.5029669,Low
KHM,Cambodia,2002,0.473,61.395,3.498454217,130956363.872694,350.147276634294,276863348.56806344,Low
KHM,Cambodia,2003,0.488,62.345,3.5613007,81580650.5580651,386.691123931778,167173464.25833014,Low
KHM,Cambodia,2004,0.502,63.256,3.624147183,131416229.281784,444.199067529081,261785317.29439044,Low
KHM,Cambodia,2005,0.514,64.113,3.686993666,379180190.600282,525.797325120926,737704650.9733113,Low
KHM,Cambodia,2006,0.525,64.886,3.808496866,483209382.712787,612.252648550727,920398824.2148324,Low
KHM,Cambodia,2007,0.534,65.549,3.930000067,867288538.643543,731.692295125426,1624135840.1564474,Low
KHM,Cambodia,2008,0.539,66.147,4.03000021,815180217.958376,866.283999789749,1512393725.3402152,Low
KHM,Cambodia,2009,0.539,66.747,3.940000057,928393617.348897,875.748936193569,1722437137.9385843,Low
KHM,Cambodia,2010,0.543,67.311,3.872000027,1404315448.88529,952.274616324008,2586216296.289668,Low
KHM,Cambodia,2011,0.547,67.869,3.803999996,1538883424.9002,1088.98152823081,2813315219.1959777,Low
KHM,Cambodia,2012,0.551,68.371,3.735999966,1988102944.64495,1192.80263041673,3608172313.330218,Medium
KHM,Cambodia,2013,0.554,68.755,3.667999935,2068470774.00468,1305.6600972686,3733701758.131191,Medium
KHM,Cambodia,2014,0.557,69.117,3.599999905,1853471158.0992,1431.56396469993,3327596334.1098742,Medium
KHM,Cambodia,2015,0.562,69.398,3.670000076,1822804151.25711,1547.32010444393,3243423756.685249,Medium
KHM,Cambodia,2016,0.57,69.635,3.952092528,2475915853.65762,1675.19555711109,4343712023.960737,Medium
KHM,Cambodia,2017,0.578,69.842,4.23418498,2788084321.65815,1826.35391688754,4823675296.98642,Medium
KHM,Cambodia,2018,0.586,69.993,4.516277432,3212633447.04469,2036.67377566578,5482309636.595035,Medium
KHM,Cambodia,2019,0.593,70.127,4.798369884,3663032999.47048,2225.87705485686,6177121415.633187,Medium
KHM,Cambodia,2020,0.595,70.059,4.997735023,3624644990.13295,2081.73914242939,6091840319.551176,Medium
KHM,Cambodia,2021,0.594,69.301,5.197100163,3483461605.65372,2167.40324198499,5864413477.531515,Medium
KHM,Cambodia,2022,0.602,70.528,5.197100163,3578831295.87392,2325.03050040841,5944902484.840399,Medium
KHM,Cambodia,2023,0.606,70.668,5.197100163,3958792378.8864,2429.74853452838,6532660691.231684,Medium
LAO,Lao People's Democratic Republic,1990,0.409,54.035,3.365593212,6000000.0,200.7349054896,14669926.65036675,Low
LAO,Lao People's Democratic Republic,1991,0.415,54.7,3.470155332,6900000.0,231.806227548139,16626506.024096388,Low
LAO,Lao People's Democratic Republic,1992,0.42,55.098,3.574717451,7800000.0,247.345286150532,18571428.57142857,Low
LAO,Lao People's Democratic Republic,1993,0.426,55.583,3.67927957,29900000.0,283.400573286349,70187793.42723005,Low
LAO,Lao People's Democratic Republic,1994,0.434,55.81,3.783841689,59200000.0,320.968128951646,136405529.95391706,Low
LAO,Lao People's Democratic Republic,1995,0.436,56.344,3.888403808,95100000.0,357.758162193406,218119266.05504587,Low
LAO,Lao People's Democratic Republic,1996,0.449,56.821,3.960290265,159800000.0,371.341879197673,355902004.45434296,Low
LAO,Lao People's Democratic Republic,1997,0.455,57.302,4.032176722,91000000.0,339.09319241187,200000000.0,Low
LAO,Lao People's Democratic Republic,1998,0.462,57.549,4.104063179,45900000.0,243.923962451418,99350649.35064934,Low
LAO,Lao People's Democratic Republic,1999,0.469,57.866,4.175949636,78900000.0,272.325307005412,168230277.18550107,Low
LAO,Lao People's Democratic Republic,2000,0.473,58.317,4.247836093,33890000.0,318.749852236965,71649048.62579282,Low
LAO,Lao People's Democratic Republic,2001,0.479,58.887,4.31972255,23904284.1333333,320.316005439568,49904559.77731378,Low
LAO,Lao People's Democratic Republic,2002,0.488,59.302,4.391609007,4451297.0311068,313.350817148131,9121510.30964508,Low
LAO,Lao People's Democratic Republic,2003,0.496,59.643,4.463495464,19484000.8001106,355.097216151461,39282259.67764234,Low
LAO,Lao People's Democratic Republic,2004,0.505,60.08,4.535381921,16917263.0,409.296298284117,33499530.693069305,Low
LAO,Lao People's Democratic Republic,2005,0.514,60.688,4.607268378,27720000.0,466.061506997741,53929961.08949416,Low
LAO,Lao People's Democratic Republic,2006,0.515,61.074,4.681333212,187310641.0,579.391947440719,363709982.5242719,Low
LAO,Lao People's Democratic Republic,2007,0.529,61.694,4.755398047,323520000.0,697.323013673925,611568998.1096408,Low
LAO,Lao People's Democratic Republic,2008,0.537,62.248,4.829462881,227770000.0,885.747376088762,424152700.1862197,Low
LAO,Lao People's Democratic Republic,2009,0.548,63.023,4.903527716,318598209.09,935.03237283283,581383593.229927,Low
LAO,Lao People's Democratic Republic,2010,0.556,63.69,4.97759255,278805903.12,1125.91610151261,501449466.0431655,Medium
LAO,Lao People's Democratic Republic,2011,0.567,64.505,5.077797914,300743507.13,1361.54704394913,530411829.1534392,Medium
LAO,Lao People's Democratic Republic,2012,0.577,65.126,5.178003279,617755394.539664,1563.5650771337,1070633266.0999378,Medium
LAO,Lao People's Democratic Republic,2013,0.587,65.723,5.278208643,681397257.103792,1812.51774424651,1160813044.4698331,Medium
LAO,Lao People's Democratic Republic,2014,0.597,66.35,5.378414007,867646121.708671,1981.03910900473,1453343587.4517102,Medium
LAO,Lao People's Democratic Republic,2015,0.604,66.688,5.478619371,1077759914.58895,2121.01339097363,1784370719.518129,Medium
LAO,Lao People's Democratic Republic,2016,0.609,67.014,5.572289603,935296172.783646,2303.22156035363,1535790103.0930147,Medium
LAO,Lao People's Democratic Republic,2017,0.612,67.345,5.665959835,1686287305.36006,2432.43059478511,2755371413.987026,Medium
LAO,Lao People's Democratic Republic,2018,0.613,67.594,5.759630067,1358019506.22958,2545.1075420815,2215366241.810081,Medium
LAO,Lao People's Democratic Republic,2019,0.615,67.911,5.853300299,755524124.249368,2589.32081035237,1228494510.974582,Medium
LAO,Lao People's Democratic Republic,2020,0.616,68.339,5.94697053,967706086.202045,2583.77730696131,1570951438.6396835,Medium
LAO,Lao People's Democratic Republic,2021,0.613,67.807,6.06024616,1071913715.60885,2526.05105018529,1748635751.4010603,Medium
LAO,Lao People's Democratic Republic,2022,0.614,68.715,6.06024616,726273736.492143,2046.40440255621,1182856248.358539,Medium
LAO,Lao People's Democratic Republic,2023,0.617,68.964,6.06024616,1781176779.47452,2066.94979776957,2886834326.5389304,Medium
MMR,Myanmar,1990,0.347,57.159,2.220867026,161144560.314889,53.1225401094506,464393545.5760491,Low
MMR,Myanmar,1991,0.354,57.395,2.272047501,238056791.873856,51.2408970610106,672476813.2029831,Low
MMR,Myanmar,1992,0.368,57.681,2.323227975,171558719.974061,58.8896739558883,466192173.84255713,Low
MMR,Myanmar,1993,0.374,58.032,2.37440845,104674233.142371,76.212889482598,279877628.72291714,Low
MMR,Myanmar,1994,0.381,58.326,2.425588925,126091858.49119,105.391561114159,330949759.8193963,Low
MMR,Myanmar,1995,0.385,58.671,2.4767694,277199199.509049,124.14348039051,719997920.8027246,Low
MMR,Myanmar,1996,0.391,59.169,2.548056489,310437074.890386,141.897267580367,793956713.2746445,Low
MMR,Myanmar,1997,0.396,59.523,2.619343579,387184136.000944,108.039770292032,977737717.174101,Low
MMR,Myanmar,1998,0.399,59.896,2.690630669,314450998.907852,145.950830383757,788097741.6236892,Low
MMR,Myanmar,1999,0.406,60.107,2.761917758,253110104.66411,189.490155849067,623423903.1135714,Low
MMR,Myanmar,2000,0.415,60.357,2.833204848,254789765.469466,196.619580625284,613951242.0950989,Low
MMR,Myanmar,2001,0.423,60.64,2.915459182,208303564.372066,141.525660705722,492443414.5911726,Low
MMR,Myanmar,2002,0.433,60.925,2.997713517,150511225.813866,146.598390364449,347600983.4038476,Low
MMR,Myanmar,2003,0.443,61.196,3.079967851,248882510.026366,224.292688912409,561811535.0482303,Low
MMR,Myanmar,2004,0.453,61.443,3.162222185,211364294.975748,224.508811413327,466587847.6285828,Low
MMR,Myanmar,2005,0.463,61.72,3.24447652,234904379.027598,252.685193060728,507352870.4699741,Low
MMR,Myanmar,2006,0.473,62.026,3.343181721,275812653.011391,303.495087119254,583113431.3137231,Low
MMR,Myanmar,2007,0.483,62.367,3.441886922,709922015.309805,419.375780725042,1469817837.0803418,Low
MMR,Myanmar,2008,0.468,56.364,3.540592123,863880447.312828,658.442487229705,1845898391.6940768,Low
MMR,Myanmar,2009,0.504,63.095,3.639297324,1078972200.98264,758.442935789255,2140817859.09254,Low
MMR,Myanmar,2010,0.515,63.479,3.738002525,901133534.876797,1010.53417343401,1749773854.1297028,Low
MMR,Myanmar,2011,0.525,63.859,3.937240802,2519813313.27459,1213.62898703376,4799644406.237314,Low
MMR,Myanmar,2012,0.535,64.251,4.136479078,1333856137.27031,1202.6658960055,2493189041.626748,Low
MMR,Myanmar,2013,0.546,64.617,4.335717355,2254603965.49345,1199.09561597055,4129311292.112546,Low
MMR,Myanmar,2014,0.557,64.994,4.534955631,2175015283.77713,1293.00042298688,3904874836.22465,Medium
MMR,Myanmar,2015,0.566,65.288,4.734193908,4083839111.71186,1166.73305546337,7215263448.25417,Medium
MMR,Myanmar,2016,0.574,65.64,4.849349976,3278096409.87385,1229.19713515893,5710969355.180923,Medium
MMR,Myanmar,2017,0.587,65.909,5.359566689,4804272487.31986,1272.82241830603,8184450574.650529,Medium
MMR,Myanmar,2018,0.6,66.232,5.869783401,1768195522.55912,1298.21310320785,2946992537.598533,Medium
MMR,Myanmar,2019,0.61,66.457,6.380000114,1735589412.93376,1425.98954211903,2845228545.7930493,Medium
MMR,Myanmar,2020,0.609,66.612,6.380000114,1907154040.0,1490.21683548367,3131615829.228243,Medium
MMR,Myanmar,2021,0.605,65.553,6.380000114,2066606470.0,1242.72134419599,3415878462.809917,Medium
MMR,Myanmar,2022,0.606,66.506,6.380000114,1238500000.0,1158.05005034332,2043729372.9372935,Medium
MMR,Myanmar,2023,0.609,66.889,6.380000114,1520172000.0,1233.19666209269,2496177339.901478,Medium
MYS,Malaysia,1990,0.653,70.952,6.147382829,2332455289.06141,2468.69080320116,3571907027.6591268,Medium
MYS,Malaysia,1991,0.661,71.219,6.341312517,3998448522.46005,2679.20101106745,6049090049.107489,Medium
MYS,Malaysia,1992,0.67,71.483,6.535242205,5183358086.40239,3141.43321987651,7736355352.839387,Medium
MYS,Malaysia,1993,0.677,71.721,6.729171893,5005642759.8826,3461.99504214189,7393859320.358345,Medium
MYS,Malaysia,1994,0.684,71.865,6.923101581,4341800916.32296,3757.65292858601,6347662158.3669,Medium
MYS,Malaysia,1995,0.691,71.979,7.117031269,4178239335.0381,4363.14458333034,6046656056.49508,Medium
MYS,Malaysia,1996,0.701,72.119,7.230000019,5078414947.87738,4837.16897250768,7244529169.582569,High
MYS,Malaysia,1997,0.713,72.296,7.527500033,5136514575.67471,4678.56390058182,7204087763.91965,High
MYS,Malaysia,1998,0.718,72.385,7.825000048,2163401815.57572,3294.30978444095,3013094450.6625624,High
MYS,Malaysia,1999,0.723,72.428,8.122500062,3895263157.89473,3527.81581379249,5387639222.537663,High
MYS,Malaysia,2000,0.733,72.732,8.420000076,3787631578.94736,4083.52874483605,5167300926.258336,High
MYS,Malaysia,2001,0.731,73.08,8.254000092,553947368.421052,3943.79943910239,757793937.6484979,High
MYS,Malaysia,2002,0.732,73.469,8.088000107,3192894736.8421,4184.03163773539,4361878055.795218,High
MYS,Malaysia,2003,0.737,73.727,7.922000122,3218947368.42105,4465.32194567208,4367635506.677137,High
MYS,Malaysia,2004,0.739,74.027,7.756000137,4376052631.57894,4939.24851854427,5921586781.568255,High
MYS,Malaysia,2005,0.736,74.37,7.590000153,3924786634.73868,5555.58179951206,5332590536.329728,High
MYS,Malaysia,2006,0.742,74.697,8.082500219,7690731245.66746,6158.40785533236,10364866907.907627,High
MYS,Malaysia,2007,0.754,74.961,8.575000286,9071369834.83859,7168.93031942508,12030994475.91325,High
MYS,Malaysia,2008,0.765,75.151,9.067500353,7572512432.33634,8371.82156086005,9898709061.87757,High
MYS,Malaysia,2009,0.773,75.269,9.56000042,114664434.56228,7191.43287234626,148336914.05210868,High
MYS,Malaysia,2010,0.779,75.376,9.699999809,10885801851.6194,8899.34505544675,13974071696.558922,High
MYS,Malaysia,2011,0.782,75.488,9.811666489,15119439203.9543,10217.1068585031,19334321232.67813,High
MYS,Malaysia,2012,0.787,75.552,9.923333168,8895774250.70401,10600.5744240026,11303398031.3901,High
MYS,Malaysia,2013,0.791,75.464,10.03499985,11296279513.9209,10713.6407638899,14281010763.49039,High
MYS,Malaysia,2014,0.795,75.345,10.14666653,10619431582.9781,11013.3107334403,13357775576.07308,High
MYS,Malaysia,2015,0.8,75.288,10.25833321,9857162111.82329,9648.6797937523,12321452639.779112,Very High
MYS,Malaysia,2016,0.805,75.371,10.36999989,13470089920.807,9476.53409809923,16733030957.52422,Very High
MYS,Malaysia,2017,0.807,75.542,10.46333313,9368469822.66145,9862.54806612235,11609008454.351238,Very High
MYS,Malaysia,2018,0.809,75.734,10.55666637,8304480741.65266,10901.8019954421,10265118345.676958,Very High
MYS,Malaysia,2019,0.812,75.9,10.64999962,9154921685.03934,10920.191763972,11274534094.876032,Very High
MYS,Malaysia,2020,0.81,76.057,10.79666646,4058769678.64231,9957.52626697613,5010826763.755939,Very High
MYS,Malaysia,2021,0.802,73.917,10.94333331,20245157326.8023,10903.1116425938,25243338312.72107,Very High
MYS,Malaysia,2022,0.81,75.444,11.09000015,15027992710.6144,11748.0919307944,18553077420.511604,Very High
MYS,Malaysia,2023,0.819,76.657,11.09000015,7918601050.23635,11379.0851923557,9668621550.960136,Very High
PHL,Philippines,1990,0.593,64.382,7.179999828,530000000.0,803.572588255813,893760539.6290051,Medium
PHL,Philippines,1991,0.594,64.622,7.218999863,544000000.0,804.323330530547,915824915.824916,Medium
PHL,Philippines,1992,0.599,65.353,7.257999897,228000000.0,916.515694532029,380634390.65108514,Medium
PHL,Philippines,1993,0.602,65.661,7.296999931,1238000000.0,918.642953796961,2056478405.3156147,Medium
PHL,Philippines,1994,0.606,66.0,7.335999966,1591000000.0,1059.9838951587,2625412541.2541256,Medium
PHL,Philippines,1995,0.609,66.311,7.375,1478000000.0,1199.84171414993,2426929392.446634,Medium
PHL,Philippines,1996,0.619,66.691,7.414000034,1517000000.0,1311.09249403865,2450726978.9983845,Medium
PHL,Philippines,1997,0.623,66.994,7.453000069,1222000000.0,1273.27604875636,1961476725.5216691,Medium
PHL,Philippines,1998,0.624,67.212,7.492000103,2287000000.0,982.865943728564,3665064102.564103,Medium
PHL,Philippines,1999,0.628,67.503,7.531000137,1829000000.0,1101.43515975318,2912420382.165605,Medium
PHL,Philippines,2000,0.632,67.789,7.570000172,1487000000.0,1050.79273107952,2352848101.265823,Medium
PHL,Philippines,2001,0.636,67.829,7.837500215,760000000.0,969.530611744453,1194968553.4591196,Medium
PHL,Philippines,2002,0.643,67.886,8.105000257,1769000000.0,1014.90879320106,2751166407.465008,Medium
PHL,Philippines,2003,0.648,68.049,8.3725003,492000000.0,1027.2301192843,759259259.2592592,Medium
PHL,Philippines,2004,0.655,68.301,8.640000343,592000000.0,1099.63013023758,903816793.8931296,Medium
PHL,Philippines,2005,0.656,68.423,8.657500267,1664000000.0,1220.46018559867,2536585365.853658,Medium
PHL,Philippines,2006,0.654,68.172,8.675000191,2707414996.79964,1426.14649179546,4139778282.568257,Medium
PHL,Philippines,2007,0.659,68.549,8.692500114,2918724840.50407,1712.65543282793,4429021002.282352,Medium
PHL,Philippines,2008,0.662,68.643,8.710000038,1340027563.20325,1959.29233534978,2024210820.548716,Medium
PHL,Philippines,2009,0.662,68.631,8.809999943,2064620677.76657,1864.45043406471,3118762353.121707,Medium
PHL,Philippines,2010,0.669,68.883,8.909999847,1070386939.91896,2162.91375885614,1599980478.2047234,Medium
PHL,Philippines,2011,0.674,69.096,8.989999771,2007150725.40003,2383.91892522087,2977968435.311617,Medium
PHL,Philippines,2012,0.681,69.237,9.069999695,3215415155.43566,2614.61644401308,4721608157.761615,Medium
PHL,Philippines,2013,0.687,69.283,9.149999619,3737371739.84519,2781.27957677397,5440133536.892562,Medium
PHL,Philippines,2014,0.689,69.311,8.90749979,5739574024.13183,2866.83803761407,8330296116.301641,Medium
PHL,Philippines,2015,0.69,69.45,8.664999962,5639155961.87389,2909.85818010301,8172689799.817232,Medium
PHL,Philippines,2016,0.69,69.49,8.422500134,8279548274.88501,2985.19564024046,11999345325.920303,Medium
PHL,Philippines,2017,0.694,69.966,8.180000305,10256442398.8834,3038.12124959289,14778735445.076946,Medium
PHL,Philippines,2018,0.7,69.761,8.575000286,9948598823.96867,3168.51036609727,14212284034.240955,High
PHL,Philippines,2019,0.708,69.68,8.970000267,8671365873.65689,3400.78949767074,12247691911.94476,High
PHL,Philippines,2020,0.699,70.097,8.890000343,6822133290.81919,3227.57910235199,9759847340.22774,Medium
PHL,Philippines,2021,0.69,66.675,9.433619976,11983363327.4771,3484.38593882819,17367193228.227684,Medium
PHL,Philippines,2022,0.714,69.472,9.977239609,9492234668.1091,3548.06930572116,13294446313.878292,High
PHL,Philippines,2023,0.72,69.833,9.977239609,8925128471.59541,3804.08274131097,12396011766.104736,High
SGP,Singapore,1990,0.819,74.598,7.539999962,5574738855.37738,11861.7561591366,6806762949.178731,Very High
SGP,Singapore,1991,0.826,75.058,7.768000031,4887094440.10303,14502.3799938606,5916579225.306333,Very High
SGP,Singapore,1992,0.833,75.326,7.996000099,2204342221.03991,16136.2405377661,2646269172.917059,Very High
SGP,Singapore,1993,0.84,75.533,8.224000168,4686312017.48989,18290.130113185,5578942877.964155,Very High
SGP,Singapore,1994,0.848,75.627,8.452000237,8550165226.98863,21552.4100366948,10082742012.95829,Very High
SGP,Singapore,1995,0.854,75.725,8.680000305,11942852103.36,24914.8507020358,13984604336.48712,Very High
SGP,Singapore,1996,0.859,76.05,8.83900032,11432363956.3629,26232.866096827,13308921951.528404,Very High
SGP,Singapore,1997,0.866,76.389,8.998000336,15701783678.7863,26375.8653668113,18131389929.314438,Very High
SGP,Singapore,1998,0.869,76.851,9.157000351,5958646073.68737,21829.2737831583,6856899969.720795,Very High
SGP,Singapore,1999,0.875,77.271,9.316000366,18852989358.6266,21796.6373891001,21546273552.716118,Very High
SGP,Singapore,2000,0.882,77.752,9.475000381,15515295182.2254,23852.8389514753,17591037621.570747,Very High
SGP,Singapore,2001,0.885,78.267,9.634000397,17006818857.2728,21699.7414868907,19216744471.49469,Very High
SGP,Singapore,2002,0.891,78.736,9.793000412,6157194143.82424,22159.8373710639,6910431137.849876,Very High
SGP,Singapore,2003,0.897,79.178,9.952000427,17051420152.8733,23730.3840054566,19009387015.46633,Very High
SGP,Singapore,2004,0.905,79.658,10.11100044,24390254965.552,27608.080013423,26950557972.985638,Very High
SGP,Singapore,2005,0.911,80.271,10.27000046,19316058814.0753,29961.3172812732,21203138105.46136,Very High
SGP,Singapore,2006,0.911,80.64,10.10999966,39129332046.6561,33768.4528234651,42952065912.90461,Very High
SGP,Singapore,2007,0.914,80.885,10.21000004,47337947782.775,39432.8860198877,51792065407.85011,Very High
SGP,Singapore,2008,0.924,81.099,10.48999977,13598298537.0175,40008.5720489092,14716773308.460497,Very High
SGP,Singapore,2009,0.928,81.428,10.5,23436064059.7505,38926.8054365453,25254379374.73114,Very High
SGP,Singapore,2010,0.932,81.647,10.93999958,55322434161.8742,47236.683084953,59358834937.633255,Very High
SGP,Singapore,2011,0.933,81.942,11.0,49155657316.2946,53891.4570264372,52685591978.87952,Very High
SGP,Singapore,2012,0.933,82.209,11.02000046,55310807547.7034,55547.5553077786,59282751926.79893,Very High
SGP,Singapore,2013,0.934,82.468,11.14999962,64389514904.4993,56967.4257940383,68939523452.3547,Very High
SGP,Singapore,2014,0.934,82.615,11.22000027,68698472830.5907,57564.8023114977,73552968769.36905,Very High
SGP,Singapore,2015,0.935,82.748,11.36999989,69774553124.9431,55645.6068614606,74625190507.96053,Very High
SGP,Singapore,2016,0.934,82.897,11.38000011,65133174223.0874,57005.5887176547,69735732572.89871,Very High
SGP,Singapore,2017,0.935,83.095,11.34000015,101969983887.611,61236.251270627,109058806296.91014,Very High
SGP,Singapore,2018,0.939,83.378,11.56000042,83413645041.1153,66881.6067035265,88832422833.9886,Very High
SGP,Singapore,2019,0.942,83.662,11.68000031,106572526405.17,65952.0378959293,113134316778.3121,Very High
SGP,Singapore,2020,0.944,83.661,11.76000023,79753262990.0522,61410.0792630788,84484388760.64853,Very High
SGP,Singapore,2021,0.948,83.485,12.07999992,145404929970.599,80056.1288247844,153380727817.08755,Very High
SGP,Singapore,2022,0.942,82.921,11.98999977,149723718568.665,90299.0694637269,158942376399.85672,Very High
SGP,Singapore,2023,0.946,83.736,11.98999977,132496437703.249,85412.230345235,140059659305.76004,Very High
THA,Thailand,1990,0.584,68.924,4.5103041,2443549743.009,1559.11209344755,4184160518.851028,Medium
THA,Thailand,1991,0.593,69.132,4.628066609,2013985971.10096,1765.62267359529,3396266393.087622,Medium
THA,Thailand,1992,0.603,69.353,4.745829119,2113021867.31996,1971.60879910694,3504182201.193964,Medium
THA,Thailand,1993,0.612,69.568,4.863591628,1804040984.75618,2245.13688708983,2947779386.8565035,Medium
THA,Thailand,1994,0.62,69.661,4.981354137,1366440824.95193,2517.70732641683,2203936814.4385967,Medium
THA,Thailand,1995,0.628,69.757,5.099116646,2067936429.29444,2864.36515719866,3292892403.3350954,Medium
THA,Thailand,1996,0.634,69.94,5.212168655,2335837474.93165,3054.65690806473,3684286238.06254,Medium
THA,Thailand,1997,0.639,70.362,5.325220664,3894755071.04503,2473.14096982086,6095078358.442926,Medium
THA,Thailand,1998,0.642,70.703,5.438272672,7314804931.33013,1847.70379269771,11393777151.604565,Medium
THA,Thailand,1999,0.65,70.979,5.551324681,6102677671.18095,2033.24490520569,9388734878.739923,Medium
THA,Thailand,2000,0.657,71.205,5.66437669,3365987582.58309,2005.97694514234,5123268771.054931,Medium
THA,Thailand,2001,0.667,71.52,6.04828247,5067170388.09022,1889.93432467144,7596957103.583538,Medium
THA,Thailand,2002,0.678,71.775,6.43218825,3341612007.23692,2089.75183111554,4928631279.110501,Medium
THA,Thailand,2003,0.69,72.101,6.816094029,5232270340.1941,2347.54001286066,7583000493.034928,Medium
THA,Thailand,2004,0.699,72.1,7.199999809,5860255942.60102,2641.56268717857,8383771019.457826,Medium
THA,Thailand,2005,0.707,72.894,7.0849998,8215637195.30001,2867.70383436062,11620420361.103268,High
THA,Thailand,2006,0.71,73.341,6.96999979,8917470351.2,3331.32043511773,12559817396.05634,High
THA,Thailand,2007,0.721,73.779,7.129999876,8633903440.6,3918.52817434581,11974900749.791956,High
THA,Thailand,2008,0.723,74.221,7.289999962,8561557724.60001,4309.13509292986,11841711928.907345,High
THA,Thailand,2009,0.725,74.669,7.450000048,6411458544.60001,4135.43986952819,8843391096.000013,High
THA,Thailand,2010,0.742,75.012,7.610000134,14746672919.5999,4973.86288823778,19874222263.611725,High
THA,Thailand,2011,0.747,75.302,7.710000038,2473685995.7,5373.6232832898,3311493970.1472554,High
THA,Thailand,2012,0.75,75.59,7.809999943,12899036062.7558,5725.52802835463,17198714750.34107,High
THA,Thailand,2013,0.752,75.96,7.909999847,15935960664.8073,6018.08244729255,21191437054.265022,High
THA,Thailand,2014,0.784,76.279,8.046666463,4975455660.4459,5801.1978916205,6346244464.854464,High
THA,Thailand,2015,0.788,76.563,8.183333079,8927579182.16216,5688.85335397884,11329415205.789543,High
THA,Thailand,2016,0.792,76.769,8.319999695,3486184390.30069,5833.57715617098,4401747967.551376,High
THA,Thailand,2017,0.794,76.989,8.34499979,8285169819.69135,6413.09182530343,10434722694.825377,High
THA,Thailand,2018,0.796,77.19,8.369999886,13747219811.1792,7099.77650081458,17270376647.21005,High
THA,Thailand,2019,0.8,77.197,8.699999809,5534140214.60468,7605.69657797759,6917675268.25585,Very High
THA,Thailand,2020,0.798,77.331,8.813333193,-4293910676.95961,6985.64393892574,-5380840447.317806,High
THA,Thailand,2021,0.8,77.606,8.926666578,15389597696.242,7057.20754802279,19236997120.302498,Very High
THA,Thailand,2022,0.792,75.291,9.039999962,11854822037.8762,6909.35281815827,14968209643.78308,High
THA,Thailand,2023,0.798,76.412,9.039999962,6516045720.14977,7195.10130919449,8165470827.25535,High
VNM,Viet Nam,1990,0.499,69.027,4.098730664,180000000.0,98.7983370311401,360721442.8857716,Low
VNM,Viet Nam,1991,0.509,69.303,4.236048544,375190280.0,143.715270231936,737112534.3811395,Low
VNM,Viet Nam,1992,0.521,69.62,4.373366424,473945860.0,144.549392371677,909684952.0153552,Low
VNM,Viet Nam,1993,0.531,69.957,4.510684304,926303710.0,189.418573584332,1744451431.2617702,Low
VNM,Viet Nam,1994,0.543,70.379,4.648002184,1944515940.0,229.857787265757,3581060662.983425,Low
VNM,Viet Nam,1995,0.556,70.871,4.785320064,1780400000.0,287.802661028593,3202158273.3812947,Medium
VNM,Viet Nam,1996,0.567,71.296,4.955927127,2395000000.0,337.051231790277,4223985890.652558,Medium
VNM,Viet Nam,1997,0.578,71.67,5.12653419,2220000000.0,361.643884085566,3840830449.82699,Medium
VNM,Viet Nam,1998,0.588,72.283,5.297141254,1671000000.0,361.350928411167,2841836734.6938777,Medium
VNM,Viet Nam,1999,0.596,72.575,5.467748317,1412000000.0,375.994455900496,2369127516.7785234,Medium
VNM,Viet Nam,2000,0.604,72.746,5.63835538,1298000000.0,404.029784055118,2149006622.5165563,Medium
VNM,Viet Nam,2001,0.612,72.984,5.850573922,1300000000.0,419.205677580901,2124183006.535948,Medium
VNM,Viet Nam,2002,0.621,73.138,6.062792464,1400000000.0,445.132861817313,2254428341.384863,Medium
VNM,Viet Nam,2003,0.63,73.236,6.275011006,1450000000.0,497.117089249256,2301587301.5873017,Medium
VNM,Viet Nam,2004,0.638,73.062,6.487229548,1610000000.0,565.452284586212,2523510971.786834,Medium
VNM,Viet Nam,2005,0.647,73.198,6.69944809,1954000000.0,710.746759994861,3020092735.7032456,Medium
VNM,Viet Nam,2006,0.656,73.293,6.909586058,2400000000.0,807.756645117054,3658536585.365853,Medium
VNM,Viet Nam,2007,0.664,73.385,7.119724026,6700000000.0,925.640338348717,10090361445.783133,Medium
VNM,Viet Nam,2008,0.672,73.455,7.329861994,9579000000.0,1163.83195772873,14254464285.714285,Medium
VNM,Viet Nam,2009,0.679,73.525,7.539999962,7600000000.0,1226.16976051536,11192930780.559649,Medium
VNM,Viet Nam,2010,0.686,73.611,7.629999924,8000000000.0,1683.16182443979,11661807580.174929,Medium
VNM,Viet Nam,2011,0.693,73.713,7.719999886,7430000000.0,1950.92504174913,10721500721.500725,Medium
VNM,Viet Nam,2012,0.698,73.762,7.809999847,8368000000.0,2185.11767654291,11988538681.948423,Medium
VNM,Viet Nam,2013,0.704,73.821,7.899999809,8900000000.0,2359.51736472828,12642045454.545456,High
VNM,Viet Nam,2014,0.711,73.886,7.989999771,9200000000.0,2546.38464459903,12939521800.281294,High
VNM,Viet Nam,2015,0.717,73.955,8.079999733,11800000000.0,2577.56885340113,16457461645.746164,High
VNM,Viet Nam,2016,0.723,73.984,8.169999695,12600000000.0,2735.0604380416,17427385892.116184,High
VNM,Viet Nam,2017,0.729,74.026,8.259999657,14100000000.0,2956.10992127753,19341563786.008232,High
VNM,Viet Nam,2018,0.737,74.1,8.349999619,15500000000.0,3222.31003125366,21031207598.371777,High
VNM,Viet Nam,2019,0.744,74.211,8.43999958,16120000000.0,3440.90025375434,21666666666.666668,High
VNM,Viet Nam,2020,0.755,75.383,8.619999568,15800000000.0,3534.03953482647,20927152317.880795,High
VNM,Viet Nam,2021,0.754,74.145,8.799999555,15660000000.0,3704.1935590038,20769230769.23077,High
VNM,Viet Nam,2022,0.764,74.502,8.979999542,17900000000.0,4147.69777213621,23429319371.72775,High
VNM,Viet Nam,2023,0.766,74.588,8.979999542,18500000000.0,4323.35031982451,24151436031.331596,High
